<?xml version="1.0" encoding="utf-8"?>
<!DOCTYPE hibernate-configuration PUBLIC
"-//Hibernate/Hibernate Configuration DTD 3.0//EN"
"http://www.hibernate.org/dtd/hibernate-configuration-3.0.dtd">
<hibernate-configuration>
    <session-factory>
        <property name="hibernate.bytecode.use_reflection_optimizer">false</property>
        <property name="hibernate.connection.driver_class">com.mysql.jdbc.Driver</property>
        <property name="hibernate.connection.password">temporal</property>
        <property name="hibernate.connection.url">jdbc:mysql://localhost/gamitour</property>
        <property name="hibernate.connection.username">root</property>
        <property name="hibernate.current_session_context_class">thread</property>
        <property name="hibernate.dialect">org.hibernate.dialect.MySQLDialect</property>
        <property name="hibernate.search.autoregister_listeners">false</property>
        <property name="hibernate.validator.apply_to_ddl">false</property>
        <mapping class="com.dawes.modelo.Actividad" />
        <mapping class="com.dawes.modelo.Cliente" />
        <mapping class="com.dawes.modelo.Pruebacultural" />
        <mapping class="com.dawes.modelo.Parada" />
        <mapping class="com.dawes.modelo.Multimedia" />
        <mapping class="com.dawes.modelo.Noticia" />
        <mapping class="com.dawes.modelo.Voto" />
        <mapping class="com.dawes.modelo.Rol" />
        <mapping class="com.dawes.modelo.Comentario" />
        <mapping class="com.dawes.modelo.Itinerario" />
        <mapping class="com.dawes.modelo.Premio" />
        <mapping class="com.dawes.modelo.Pruebadeportiva" />
    </session-factory>
</hibernate-configuration>
