<?xml version="1.0" encoding="UTF-8"?>
<!DOCTYPE hibernate-reverse-engineering PUBLIC "-//Hibernate/Hibernate Reverse Engineering DTD 3.0//EN" "http://hibernate.sourceforge.net/hibernate-reverse-engineering-3.0.dtd" >

<hibernate-reverse-engineering>
  <table-filter match-catalog="gamitour" match-name="actividad"/>
  <table-filter match-catalog="gamitour" match-name="cliente"/>
  <table-filter match-catalog="gamitour" match-name="cliente_has_actividad"/>
  <table-filter match-catalog="gamitour" match-name="comentario"/>
  <table-filter match-catalog="gamitour" match-name="itinerario"/>
  <table-filter match-catalog="gamitour" match-name="multimedia"/>
  <table-filter match-catalog="gamitour" match-name="noticia"/>
  <table-filter match-catalog="gamitour" match-name="parada"/>
  <table-filter match-catalog="gamitour" match-name="premio"/>
  <table-filter match-catalog="gamitour" match-name="pruebacultural"/>
  <table-filter match-catalog="gamitour" match-name="pruebadeportiva"/>
  <table-filter match-catalog="gamitour" match-name="rol"/>
  <table-filter match-catalog="gamitour" match-name="voto"/>
</hibernate-reverse-engineering>